id;nombres;apellidos;tipo_persona;tipo_documento;documento;dv;estado
1;overriding Account bandwidth;Artesanal;overriding;Pequeño;Account Hungria Director;integrated objetos Fantástico;64087
2;Normas Colegio Madrid;Sorprendente Singapur;bypassing Sorprendente;system recontextualize Comunidad;Datos Navarra SSL;cutting-edge;72670
3;Avanzado Australian;Madera enhance demanda;firewall Integración;Bicicleta;partnerships;generate;15875
4;Morado Ordenador;Gerente deposit Región;Ensalada customized software;Metical;deliver Barbados El;Avon;89360
5;Gerente Parque strategize;Integrado desafío;Compatible Sol;Práctico quantify;Granito Palladium;functionalities Chalet;39473
6;primary Monitorizado;capa platforms;transmitting payment acceso;Diseñador;funcionalidad;RAM;26262
7;Account Producto;payment;synergize up;en;Administrador Humano;Nepal Avon;38615
8;withdrawal Seychelles Optimizado;Acero;Torrente Queso;a;multimedia Castilla-La;deliver;92977
9;Metal bandwidth GB;scalable state Guapo;turn-key;reboot Account función;utilize;Glorieta Pequeño Administrador;14366
10;Account Borders;Joyería Pequeño Morado;Productor País;Agente Account EXE;connecting;Intranet;67849
