id;nombres;apellidos;tipo_persona;tipo_documento;documento;dv;estado;rol;rut;nombre_comercial;nit;direccion;indicativo;telefono;email;genero;edad;foto;descripcion;fecha_registro
1;Buckinghamshire transmitting;multiestado;Queso actitud Account;Metal Interno Leone;transmitting Galicia;convergence COM Acero;51180;ejecutiva GB;Central;Morado cross-platform Decoración;capacitor PCI;Money morph bluetooth;54347;38856;Antonio20@gmail.com;connect local protocolo;2022-01-01T15:36:18;circuit Sabroso;95477;2022-01-02T00:04:45
2;virtual;virtual Sorprendente;array Bricolaje;Pound transmitter bandwidth;e-commerce demanda metodologías;Ejecutivo Morado;8030;mano Salud complejidad;Gorro Andalucía Checking;Sorprendente;Horizontal alarm;online benchmark;42770;41816;Mateo_Riojas2@hotmail.com;en;2022-01-02T00:39:03;platforms Fantástico;48804;2022-01-01T07:33:17
3;Checking Nigeria;transmit;Ingeniero;optical Morado;input Dinánmico Ladrillo;parsing Masía;26582;estatica Cambridgeshire Kazajistan;Dinar Investment;Refinado Lempira;firewall backing;alto;35143;58655;Maril_Atencio1@yahoo.com;e-services;2022-01-01T17:02:25;Supervisor en;72428;2022-01-01T14:34:50
4;Bricolaje;Blanco up Sorprendente;partnerships markets;Distrito Juguetería synergize;Diverso invoice;driver hacking;50397;Berkshire unleash;Guapa Madera;Marca rich Queso;metrics;markets;30790;94589;Ramona69@hotmail.com;estatica Ferrocarril Avon;2022-01-01T18:21:44;Soporte;55358;2022-01-01T08:26:20
5;productize;digital utilize contenido;array Verde;bluetooth Castilla-La TCP;architectures;array incubate;61351;payment Rojo generating;Multi reintermediate;Queso Librería;Afghani Borders Murcia;architect;88027;1965;Antonio.Mayorga@hotmail.com;productividad;2022-01-01T16:04:45;deposit;97723;2022-01-02T00:35:44
6;función;Islands;La Borders;Inteligente Cantabria;Zapatos;Para;95023;Parafarmacia;Brunei Bacon Consultor;parse Avenida;Buckinghamshire transform Castilla-La;Quinta;66063;21837;Daniela.Baeza21@hotmail.com;real-time Genérico;2022-01-01T15:34:20;desafío Navarra Rústico;26320;2022-01-02T01:59:06
7;Planificador Diseñador a;hard;Borders Cambridgeshire Avon;Money;Marroquinería Loan synthesize;Peso;51768;asíncrona Dinánmico index;e-business;trabajo blockchains Cataluña;Humano;multitarea;16240;49576;Anita.Villalobos23@yahoo.com;transform Ejecutivo Extremadura;2022-01-01T14:04:57;Bebes;69176;2022-01-01T15:50:50
8;Inversor Castilla-La;copy Cambridgeshire;Asistente Videojuegos world-class;Principado;Cine Intercambiable Fantástico;Morado producto Marroquinería;10754;de mobile invoice;Reino efficient terciaria;online parse Escalinata;payment invoice;wireless Account firewall;92363;99929;Antonia.Duarte17@gmail.com;hack;2022-01-01T12:53:25;program;81432;2022-01-01T07:13:24
9;Leone;Pantalones panel wireless;interactiva;Account;payment Account instalación;TCP SAS Papelería;27842;Salida;de Plástico;Acero Metal Sopa;Castilla;de;37478;38195;Miguelngel_Griego@gmail.com;Violeta synthesize override;2022-01-01T15:36:17;HDD modular de;68627;2022-01-01T16:32:10
10;Coche Re-contextualizado quantifying;Práctico;Fantástico bypass deposit;Consultor Metal Fantástico;backing Savings;Web connecting;35057;Moda strategize world-class;Región application Card;Hormigon networks alarm;recontextualize Inteligente;Violeta Acero navigate;65128;61586;ngela_Barrera55@hotmail.com;end-to-end;2022-01-01T07:44:48;Rojo;31106;2022-01-01T20:36:40
